{
  "ok": true,
  "version": "3.6.32",
  "runCount": 3,
  "failures": [],
  "metrics": {
    "statusContent": {
      "samples": [
        134.60000014305115,
        140.59999990463257,
        131
      ],
      "median": 134.60000014305115,
      "worst": 140.59999990463257
    },
    "homeNodesContent": {
      "samples": [
        201.70000004768372,
        204.70000004768372,
        207.29999995231628
      ],
      "median": 204.70000004768372,
      "worst": 207.29999995231628
    },
    "coldRoutingContent": {
      "samples": [
        217.59999990463257,
        201.09999990463257,
        190.5
      ],
      "median": 201.09999990463257,
      "worst": 217.59999990463257
    },
    "routingAfterStatus": {
      "samples": [
        0.09999990463256836,
        0.10000014305114746,
        0
      ],
      "median": 0.09999990463256836,
      "worst": 0.10000014305114746
    },
    "visualNavP95": {
      "samples": [
        16.700000000000728,
        16.700000000000728,
        16.800000000000182
      ],
      "median": 16.700000000000728,
      "worst": 16.800000000000182
    },
    "visualNavMax": {
      "samples": [
        16.800000000000182,
        33.399999999999636,
        33.30000000000018
      ],
      "median": 33.30000000000018,
      "worst": 33.399999999999636
    },
    "layoutShift": {
      "samples": [
        0,
        0,
        0
      ],
      "median": 0,
      "worst": 0
    }
  },
  "generatedAt": "2026-07-16T05:51:47.169Z"
}
