{
  "ok": true,
  "version": "3.6.33",
  "runCount": 3,
  "failures": [],
  "metrics": {
    "statusContent": {
      "samples": [
        164.5,
        129.30000000447035,
        151.89999999850988
      ],
      "median": 151.89999999850988,
      "worst": 164.5
    },
    "homeNodesContent": {
      "samples": [
        250.89999999850988,
        228.20000000298023,
        225.10000000149012
      ],
      "median": 228.20000000298023,
      "worst": 250.89999999850988
    },
    "coldRoutingContent": {
      "samples": [
        216.40000000596046,
        197,
        215.70000000298023
      ],
      "median": 215.70000000298023,
      "worst": 216.40000000596046
    },
    "routingAfterStatus": {
      "samples": [
        0.10000000149011612,
        0.10000000149011612,
        0
      ],
      "median": 0.10000000149011612,
      "worst": 0.10000000149011612
    },
    "visualNavP95": {
      "samples": [
        16.800000000000182,
        16.799999999999272,
        16.800000000000182
      ],
      "median": 16.800000000000182,
      "worst": 16.800000000000182
    },
    "visualNavMax": {
      "samples": [
        33.30000000000018,
        33.399999999999636,
        33.30000000000018
      ],
      "median": 33.30000000000018,
      "worst": 33.399999999999636
    },
    "layoutShift": {
      "samples": [
        0,
        0,
        0
      ],
      "median": 0,
      "worst": 0
    },
    "speedStreamP95": {
      "samples": [
        50,
        50,
        33.40000000000009
      ],
      "median": 50,
      "worst": 50
    },
    "speedStreamMax": {
      "samples": [
        83.29999999999995,
        66.70000000000005,
        66.60000000000014
      ],
      "median": 66.70000000000005,
      "worst": 83.29999999999995
    }
  },
  "generatedAt": "2026-07-17T03:40:00.466Z"
}
