{
  "ok": true,
  "version": "3.6.32",
  "runCount": 3,
  "failures": [],
  "metrics": {
    "statusContent": {
      "samples": [
        146.20000004768372,
        137.09999990463257,
        136.70000004768372
      ],
      "median": 137.09999990463257,
      "worst": 146.20000004768372
    },
    "homeNodesContent": {
      "samples": [
        229.10000014305115,
        219.59999990463257,
        217.70000004768372
      ],
      "median": 219.59999990463257,
      "worst": 229.10000014305115
    },
    "coldRoutingContent": {
      "samples": [
        201.59999990463257,
        208.40000009536743,
        208.59999990463257
      ],
      "median": 208.40000009536743,
      "worst": 208.59999990463257
    },
    "routingAfterStatus": {
      "samples": [
        0.10000014305114746,
        0,
        0.09999990463256836
      ],
      "median": 0.09999990463256836,
      "worst": 0.10000014305114746
    },
    "visualNavP95": {
      "samples": [
        16.799999999999272,
        16.700000000000728,
        16.700000000000728
      ],
      "median": 16.700000000000728,
      "worst": 16.799999999999272
    },
    "visualNavMax": {
      "samples": [
        33.399999999999636,
        33.30000000000018,
        16.800000000000182
      ],
      "median": 33.30000000000018,
      "worst": 33.399999999999636
    },
    "layoutShift": {
      "samples": [
        0,
        0,
        0
      ],
      "median": 0,
      "worst": 0
    }
  },
  "generatedAt": "2026-07-16T15:50:12.395Z"
}
